size,time_seconds,arithmetic_operations
200,0.005225,16000000
400,0.0449251,128000000
800,0.381462,1024000000
1200,2.18498,3456000000
1600,8.71636,8192000000
