size,time_seconds,arithmetic_operations
200,0.0050011,16000000
400,0.0430099,128000000
800,0.36875,1024000000
1200,1.66651,3456000000
1600,8.61481,8192000000
2000,27.2089,16000000000
